site_id,name,country,latitude,longitude,deposit_type,halo_present,lgnd_conus_aef_covered,training_role,source,notes
bingham_canyon,Bingham Canyon,USA,40.5444,-112.1047,porphyry Cu-Mo-Au with Pb-Zn-Ag skarn halo,yes,yes,positive,"USGS Porphyry Copper Deposits of the World (PCDW); Wikipedia coordinate cross-check","Coordinate is offset ~3 km NE of the open-pit center (40.5265,-112.1497) into the mapped skarn / polymetallic halo zone, per the plan's instruction to exclude the disturbed pit itself from training imagery. The pit-center point is kept below as an excluded/disturbed control."
bingham_canyon_pit_disturbed,Bingham Canyon (pit center - EXCLUDED),USA,40.5265,-112.1497,porphyry Cu-Mo-Au (active/historic pit),no,yes,excluded,"Wikipedia / Rio Tinto Kennecott public materials","Excavated pit floor, not a natural alteration signature. Kept in the catalog only as a labeled exclusion, not used as a positive or negative training example."
mineral_park,Mineral Park,USA,35.4270,-114.2290,porphyry Cu-Mo with concentric Cu-Pb-Zn-Au-Ag zoning,yes,yes,positive,"USGS MRDS; USGS PCDW","Clean concentric zoning example per the plan."
bisbee,Bisbee (Lavender Pit / Sacramento Hill),USA,31.4483,-109.8975,porphyry-related polymetallic replacement (Cu-Pb-Zn-Ag-Au) radiating from stock,yes,no,excluded_no_coverage,"mindat.org loc-3304 (Lavender Pit); Wikipedia Bisbee Historic District coordinate cross-check","LGND CONUS AEF 2022 collection has no chip coverage at this point or within ~10 km south of it (search_by_location returns 'outside collection bounds' up to ~31.47N; first covered point found at 31.55N, ~11 km N). Excluded from the live MVP run; kept in the reference catalog for when Sentinel-2/Landsat-based collections are added."
santa_rita_chino,Santa Rita / Chino Mine,USA,32.7917,-108.0673,porphyry Cu with Pb-Zn-Ag production tied to the stock,yes,yes,positive,"Wikipedia Chino mine (32°47'30\"N 108°04'02\"W); USGS PCDW","Largest porphyry Cu deposit in New Mexico."
yerington,Yerington district,USA,39.0060,-119.1640,tilted/exhumed porphyry Cu-Mo-Au system,yes,yes,positive,"USGS MRDS; USGS PCDW","District center point; useful erosion-level contrast per the plan."
sierrita_twin_buttes,Sierrita / Twin Buttes (Pima district),USA,31.8739,-111.1339,porphyry Cu-Mo-Ag-Zn-Pb-Au,yes,yes,positive,"mindat.org loc-22945 (Sierrita, 31°52'26\"N 111°08'02\"W); mindat.org loc-3376 (Twin Buttes)","Sierrita mine point used; Twin Buttes is ~9 km SE in the same district."
sepon,Sepon,Laos,16.6500,105.8000,"porphyry/skarn Au-Cu, no Pb-Zn-Ag halo",no,no,contrast_not_runnable,"USGS PCDW (approximate district location); Savannakhet Province, Vilabouly district","Deliberate contrast case per the plan (no halo). No LGND collection currently covers Laos; coordinates are district-level approximations pending a precise USGS MRDS / NI 43-101 pull. Not used in the live MVP run."
wafi_golpu,Wafi-Golpu,Papua New Guinea,-7.0500,146.6500,porphyry Cu-Au (Golpu) with epithermal Au (Wafi),unknown,no,positive_not_runnable,"USGS PCDW (approximate district location); Morobe Province, ~60 km SW of Lae","Generalization test case per the plan (different belt/climate). No LGND collection currently covers PNG. Coordinates are district-level approximations pending a precise pull from NI 43-101 filings (Newcrest/Harmony Gold). Not used in the live MVP run."
